SaleID,ProductID,CustomerID,Quantity,SaleDate,StaffID,StoreID
1,5,95,4,2025-06-17,52,4
2,4,58,2,2026-03-13,93,10
3,2,46,5,2025-05-27,15,10
4,8,55,2,2026-03-18,72,10
5,3,4,4,2025-09-24,61,5
6,4,52,5,2025-08-23,21,6
7,8,17,5,2025-11-20,83,3
8,6,53,1,2025-04-25,87,10
9,3,33,4,2025-05-19,75,10
10,6,78,2,2026-03-22,75,10
11,3,22,4,2025-12-26,88,4
12,2,5,3,2025-06-12,100,10
13,1,90,1,2025-07-15,24,3
14,9,95,3,2026-02-06,3,10
15,10,38,4,2025-11-16,22,5
16,6,62,1,2025-05-10,53,6
17,4,16,2,2025-05-07,2,6
18,1,3,2,2026-01-07,88,4
19,10,42,5,2025-04-24,30,10
20,1,58,3,2026-02-27,38,5
21,1,54,4,2026-03-07,2,6
22,5,15,3,2026-01-02,64,8
23,3,24,3,2025-06-23,60,4
24,9,16,4,2025-10-20,21,6
25,6,52,2,2025-12-05,33,6
26,7,78,5,2025-12-25,76,1
27,10,25,5,2025-09-11,58,3
28,2,30,1,2025-05-09,22,5
29,4,30,5,2025-05-13,89,9
30,5,45,2,2025-07-11,49,5
31,3,96,1,2025-12-03,91,9
32,8,2,2,2025-08-12,59,1
33,8,95,3,2025-11-10,42,5
34,8,41,4,2026-04-16,92,10
35,4,37,2,2026-04-09,60,4
36,2,8,5,2025-05-08,80,10
37,9,61,1,2026-03-30,15,10
38,4,99,2,2025-09-20,62,1
39,4,35,2,2025-08-20,62,1
40,9,25,4,2025-06-03,47,8
41,7,28,4,2025-10-30,62,1
42,1,27,2,2025-06-21,51,4
43,6,92,3,2025-12-02,55,2
44,5,24,1,2026-04-18,64,8
45,4,41,3,2026-03-21,3,10
46,6,1,2,2025-07-03,51,4
47,4,34,2,2025-07-02,7,4
48,5,36,1,2025-05-29,21,6
49,5,3,1,2025-07-07,73,2
50,8,65,4,2026-02-04,39,8
51,8,84,4,2026-04-21,18,8
52,4,7,5,2026-02-11,4,5
53,7,33,1,2025-08-04,89,9
54,4,2,3,2025-10-15,60,4
55,5,64,1,2025-10-30,14,3
56,9,8,3,2025-08-08,9,7
57,3,51,2,2026-01-14,90,6
58,3,26,2,2025-05-30,53,6
59,9,14,2,2025-07-25,2,6
60,3,1,5,2025-06-09,84,6
61,2,54,2,2025-08-22,92,10
62,7,59,4,2026-03-03,60,4
63,3,25,4,2025-08-13,71,6
64,2,45,5,2026-03-24,44,2
65,1,63,3,2026-01-29,8,9
66,9,34,5,2026-03-23,47,8
67,6,87,4,2026-02-21,35,2
68,8,86,2,2025-08-30,78,1
69,10,80,1,2025-11-01,81,7
70,1,35,4,2025-10-12,36,4
71,4,3,2,2025-12-05,50,3
72,4,29,5,2026-01-03,4,5
73,2,16,5,2025-10-16,2,6
74,3,49,1,2025-12-25,6,1
75,7,70,1,2025-06-27,54,9
76,10,25,3,2025-05-26,4,5
77,1,14,3,2025-05-18,54,9
78,7,77,1,2026-04-13,93,10
79,2,69,3,2025-07-19,63,8
80,10,30,3,2025-10-18,18,8
81,6,78,4,2025-12-28,90,6
82,2,65,3,2026-02-16,44,2
83,4,89,5,2025-12-02,34,3
84,4,87,1,2025-11-26,74,3
85,7,52,2,2025-08-15,62,1
86,8,35,4,2025-11-25,100,10
87,6,49,4,2025-08-11,14,3
88,9,55,1,2025-04-25,95,5
89,10,55,3,2026-01-23,48,9
90,3,3,5,2026-01-03,15,10
91,8,39,2,2026-04-18,72,10
92,10,26,2,2025-07-15,78,1
93,8,26,1,2025-06-09,87,10
94,6,51,2,2025-12-23,62,1
95,7,46,1,2026-01-12,40,8
96,3,34,2,2026-02-21,85,9
97,3,6,3,2025-10-28,80,10
98,6,44,5,2025-09-16,82,3
99,6,49,4,2025-09-08,53,6
100,5,19,1,2026-03-07,24,3
101,2,81,2,2025-12-09,26,6
102,6,69,1,2025-06-29,89,9
103,7,42,5,2025-08-30,60,4
104,5,6,5,2025-07-26,41,10
105,2,64,5,2025-07-06,29,4
106,4,79,4,2025-10-07,15,10
107,9,73,5,2026-01-11,45,5
108,4,82,5,2026-03-03,65,9
109,1,74,2,2025-11-13,89,9
110,2,48,3,2026-03-04,71,6
111,10,62,2,2026-02-20,9,7
112,8,29,4,2026-02-07,88,4
113,3,53,5,2025-09-30,1,2
114,4,64,5,2025-08-01,8,9
115,7,63,4,2026-03-01,88,4
116,3,54,1,2026-01-08,63,8
117,4,28,2,2025-11-17,11,8
118,10,5,5,2025-05-03,81,7
119,5,54,3,2025-11-16,8,9
120,5,66,3,2026-03-26,35,2
121,1,77,3,2025-12-02,35,2
122,5,28,2,2025-10-08,33,6
123,7,18,3,2025-08-23,5,5
124,3,12,4,2025-11-30,41,10
125,2,75,2,2025-05-15,28,3
126,9,28,3,2026-04-22,7,4
127,6,84,1,2025-06-01,73,2
128,5,99,3,2025-12-26,72,10
129,8,63,1,2026-03-08,12,5
130,8,98,5,2025-10-14,34,3
131,3,2,5,2025-05-02,33,6
132,3,52,5,2025-09-29,48,9
133,2,44,5,2026-01-14,23,5
134,10,54,3,2025-10-15,62,1
135,8,81,4,2025-10-14,88,4
136,10,79,5,2026-03-08,37,7
137,10,60,2,2025-11-13,99,9
138,6,47,2,2025-05-26,44,2
139,5,59,4,2025-09-15,86,9
140,8,28,3,2025-05-09,91,9
141,9,60,3,2025-09-22,35,2
142,4,34,3,2025-10-21,65,9
143,4,68,2,2025-06-29,99,9
144,8,72,1,2025-08-17,47,8
145,6,3,1,2025-11-23,78,1
146,2,16,5,2025-11-21,3,10
147,6,84,2,2026-01-17,1,2
148,5,32,2,2025-08-08,5,5
149,6,76,2,2025-08-14,90,6
150,8,9,1,2025-05-28,14,3
151,8,97,3,2025-10-03,27,9
152,1,12,2,2025-10-14,9,7
153,1,56,1,2025-09-17,79,10
154,2,30,2,2026-01-28,15,10
155,7,97,5,2025-05-12,90,6
156,1,88,2,2025-10-07,42,5
157,1,74,5,2025-09-21,77,9
158,8,26,1,2025-11-16,51,4
159,5,11,3,2025-12-18,63,8
160,9,84,1,2025-04-28,96,2
161,3,53,4,2025-12-22,52,4
162,7,49,2,2025-08-19,96,2
163,5,12,2,2025-12-07,4,5
164,3,33,3,2025-05-06,94,7
165,5,7,5,2025-12-22,23,5
166,10,49,1,2026-03-09,15,10
167,4,35,5,2026-04-19,43,5
168,8,73,1,2025-08-29,29,4
169,7,13,2,2025-11-25,36,4
170,8,84,3,2025-08-02,13,1
171,10,9,4,2026-01-30,32,6
172,8,27,1,2025-12-05,71,6
173,7,96,2,2025-12-17,59,1
174,10,84,1,2026-02-11,86,9
175,6,64,1,2025-10-08,28,3
176,3,30,3,2025-07-24,66,9
177,1,45,4,2025-07-06,42,5
178,2,30,5,2025-11-15,45,5
179,3,48,4,2026-02-27,62,1
180,2,65,4,2025-08-28,57,10
181,8,95,2,2025-06-27,6,1
182,3,97,4,2025-08-21,28,3
183,8,64,1,2026-03-06,28,3
184,9,55,2,2025-05-15,44,2
185,2,1,3,2025-10-20,84,6
186,8,85,1,2025-05-07,30,10
187,7,93,3,2025-09-23,62,1
188,10,96,5,2025-12-14,75,10
189,5,43,4,2026-03-24,92,10
190,7,94,2,2025-08-21,89,9
191,9,8,2,2025-07-15,62,1
192,8,64,5,2025-09-01,97,10
193,9,73,5,2025-09-11,1,2
194,6,31,1,2026-02-09,27,9
195,5,33,2,2025-12-21,62,1
196,2,66,3,2025-08-23,77,9
197,2,44,4,2026-02-07,3,10
198,5,12,2,2025-05-25,70,4
199,8,11,4,2026-04-23,72,10
200,4,88,5,2025-05-28,27,9
201,7,37,4,2025-05-19,9,7
202,6,84,2,2025-09-10,62,1
203,5,48,2,2025-06-11,37,7
204,10,88,1,2026-04-18,97,10
205,2,7,3,2025-12-12,51,4
206,7,57,4,2026-04-03,44,2
207,8,44,2,2025-06-22,24,3
208,4,87,5,2025-06-18,79,10
209,5,76,5,2025-07-06,59,1
210,6,2,1,2025-12-31,32,6
211,5,64,4,2025-09-20,96,2
212,10,32,3,2025-07-26,88,4
213,5,69,4,2026-01-13,52,4
214,2,12,5,2025-10-16,62,1
215,4,59,4,2025-10-11,58,3
216,9,45,1,2025-11-28,52,4
217,8,32,1,2025-08-05,12,5
218,9,37,3,2025-08-26,39,8
219,10,44,1,2025-09-20,2,6
220,8,52,5,2025-06-04,3,10
221,6,15,2,2025-07-28,56,1
222,1,98,3,2025-05-20,81,7
223,3,51,5,2026-02-12,59,1
224,8,69,1,2025-08-03,2,6
225,1,11,4,2025-12-29,2,6
226,10,48,2,2026-04-13,92,10
227,7,62,4,2025-11-11,54,9
228,10,98,2,2025-07-28,87,10
229,5,88,2,2025-08-16,96,2
230,3,90,1,2025-10-12,97,10
231,4,77,5,2025-08-28,1,2
232,10,57,2,2025-11-16,19,4
233,8,23,3,2026-03-16,2,6
234,3,20,3,2025-06-06,53,6
235,9,91,4,2025-11-25,44,2
236,2,33,3,2025-06-11,90,6
237,9,10,5,2025-10-05,32,6
238,9,23,1,2026-01-17,70,4
239,8,46,2,2025-06-07,32,6
240,6,25,2,2026-03-18,68,1
241,1,21,3,2025-07-04,55,2
242,2,98,2,2026-02-10,75,10
243,9,44,1,2026-04-06,56,1
244,10,6,1,2025-05-11,17,10
245,8,59,2,2025-05-23,38,5
246,9,76,5,2025-07-22,24,3
247,5,61,5,2025-05-04,69,1
248,1,6,1,2026-04-20,98,4
249,4,24,5,2025-06-29,70,4
250,1,5,2,2025-07-12,86,9
251,1,51,5,2025-09-16,11,8
252,8,37,4,2026-02-03,16,5
253,6,90,2,2025-10-04,97,10
254,4,35,2,2026-01-03,73,2
255,8,29,2,2025-07-23,59,1
256,6,54,2,2025-05-12,70,4
257,2,33,5,2025-11-20,80,10
258,5,45,5,2025-08-28,93,10
259,4,16,1,2025-05-22,3,10
260,3,62,1,2026-03-10,20,4
261,5,45,1,2025-11-12,59,1
262,8,46,4,2026-01-25,36,4
263,9,22,1,2025-12-31,19,4
264,10,96,4,2025-05-12,90,6
265,5,14,1,2025-05-28,67,3
266,5,58,5,2026-02-05,19,4
267,4,83,5,2025-09-07,20,4
268,8,18,3,2026-01-20,96,2
269,7,45,4,2026-03-22,71,6
270,10,5,5,2025-07-02,52,4
271,5,93,5,2025-10-28,33,6
272,3,67,5,2025-05-31,40,8
273,3,18,5,2025-06-22,39,8
274,4,48,1,2025-08-21,82,3
275,5,82,1,2025-08-04,1,2
276,6,56,1,2026-02-23,11,8
277,8,13,1,2025-04-27,92,10
278,6,74,2,2026-02-21,57,10
279,7,49,5,2026-01-23,89,9
280,9,91,4,2025-07-12,50,3
281,10,6,4,2025-06-27,23,5
282,1,16,4,2025-06-25,31,10
283,1,66,1,2025-08-29,94,7
284,9,5,5,2025-08-27,42,5
285,8,25,1,2026-01-21,99,9
286,2,27,5,2025-08-03,7,4
287,5,50,5,2025-05-29,16,5
288,7,97,5,2026-02-13,90,6
289,7,8,4,2026-04-16,60,4
290,10,41,4,2025-11-30,2,6
291,4,59,5,2025-10-06,1,2
292,1,84,4,2025-10-08,48,9
293,8,10,4,2026-02-24,12,5
294,5,94,1,2025-04-26,69,1
295,1,71,5,2025-11-19,37,7
296,3,86,4,2025-08-17,32,6
297,4,94,5,2025-10-10,9,7
298,10,16,4,2025-06-16,99,9
299,5,12,4,2025-07-26,19,4
300,2,100,3,2025-06-09,48,9
301,6,52,5,2025-06-16,80,10
302,1,33,2,2025-06-27,3,10
303,1,1,3,2026-01-02,20,4
304,10,15,3,2026-01-06,24,3
305,8,27,4,2025-05-27,54,9
306,7,16,1,2025-05-21,33,6
307,3,8,4,2026-01-10,24,3
308,3,81,5,2025-08-25,75,10
309,3,32,1,2025-09-11,72,10
310,3,28,2,2026-02-13,36,4
311,4,64,5,2026-01-01,38,5
312,8,24,2,2026-03-07,84,6
313,2,29,1,2025-08-16,99,9
314,4,46,3,2026-02-15,89,9
315,4,82,1,2026-01-26,99,9
316,6,19,5,2025-04-28,25,7
317,7,27,1,2026-02-24,93,10
318,8,4,2,2025-11-10,18,8
319,7,40,3,2025-10-28,82,3
320,1,17,5,2025-10-08,66,9
321,1,25,1,2025-10-29,54,9
322,2,38,1,2025-07-18,35,2
323,4,78,5,2025-11-15,80,10
324,3,89,2,2025-11-27,61,5
325,2,24,1,2025-05-01,41,10
326,2,48,1,2025-11-01,100,10
327,6,58,1,2025-04-28,33,6
328,8,94,1,2025-11-17,68,1
329,2,70,3,2025-11-01,33,6
330,6,36,1,2026-03-07,14,3
331,6,24,5,2025-12-05,21,6
332,6,16,5,2025-07-15,48,9
333,2,58,1,2025-06-17,20,4
334,5,85,5,2025-10-22,8,9
335,3,75,2,2025-09-03,7,4
336,2,69,4,2026-04-19,67,3
337,2,17,2,2025-11-12,17,10
338,8,92,2,2025-08-04,33,6
339,9,11,2,2025-11-21,48,9
340,7,24,2,2025-09-26,76,1
341,4,7,3,2025-09-02,59,1
342,10,30,2,2025-07-21,86,9
343,1,50,5,2025-09-14,22,5
344,10,23,4,2025-08-29,30,10
345,10,60,2,2026-03-23,38,5
346,6,33,1,2025-05-04,51,4
347,8,69,2,2025-06-02,54,9
348,7,22,2,2025-11-01,8,9
349,6,24,1,2025-08-21,27,9
350,7,88,1,2025-04-30,27,9
351,3,52,2,2026-01-08,98,4
352,10,1,3,2025-06-05,21,6
353,2,15,4,2025-09-12,30,10
354,4,7,2,2025-08-14,97,10
355,4,8,5,2025-11-04,28,3
356,8,79,2,2025-09-05,64,8
357,7,36,1,2025-09-17,97,10
358,10,24,1,2025-10-11,69,1
359,5,70,1,2025-05-30,61,5
360,7,41,5,2025-09-04,48,9
361,6,75,1,2026-03-15,19,4
362,4,2,4,2026-02-21,4,5
363,7,40,1,2025-10-31,35,2
364,2,20,3,2026-04-15,64,8
365,10,66,4,2026-04-20,49,5
366,6,27,1,2026-02-28,17,10
367,6,100,3,2026-04-14,44,2
368,10,24,5,2026-03-23,92,10
369,9,77,3,2026-04-10,30,10
370,4,91,4,2025-05-14,93,10
371,10,43,1,2025-07-21,46,7
372,5,76,4,2025-07-05,6,1
373,1,40,1,2025-05-05,99,9
374,3,89,3,2025-05-05,37,7
375,7,16,2,2026-04-22,24,3
376,6,22,1,2025-11-24,93,10
377,7,71,5,2025-07-16,46,7
378,10,82,3,2026-04-06,53,6
379,2,48,5,2025-08-07,95,5
380,1,27,4,2025-11-15,99,9
381,3,17,3,2025-08-05,60,4
382,2,5,4,2026-02-07,97,10
383,6,98,3,2025-07-13,63,8
384,10,11,1,2025-08-21,85,9
385,9,1,5,2025-07-12,32,6
386,3,74,3,2025-06-15,87,10
387,1,55,2,2025-08-10,33,6
388,6,5,4,2025-05-15,67,3
389,6,35,4,2025-08-30,18,8
390,7,92,2,2026-03-02,25,7
391,9,26,3,2025-08-31,95,5
392,5,92,2,2025-12-04,54,9
393,4,55,2,2025-07-30,58,3
394,8,58,1,2025-12-23,67,3
395,7,61,3,2025-06-04,46,7
396,4,8,1,2026-01-02,24,3
397,4,96,3,2025-07-06,32,6
398,1,75,2,2025-09-04,47,8
399,2,87,5,2025-09-13,86,9
400,9,17,2,2025-06-03,23,5
401,7,11,3,2025-09-03,66,9
402,10,73,5,2025-06-29,27,9
403,6,51,4,2025-08-24,2,6
404,2,67,5,2025-09-16,90,6
405,3,92,5,2025-09-05,17,10
406,7,86,5,2025-05-26,33,6
407,6,74,5,2026-02-26,9,7
408,7,28,3,2026-02-09,43,5
409,1,50,1,2026-04-13,48,9
410,2,100,4,2025-06-02,39,8
411,9,22,1,2025-10-14,93,10
412,3,11,5,2025-08-11,42,5
413,2,3,5,2025-07-08,26,6
414,10,73,4,2026-01-24,99,9
415,4,68,5,2025-08-26,50,3
416,8,74,5,2025-10-08,25,7
417,3,17,2,2025-11-24,24,3
418,8,11,3,2025-08-27,13,1
419,8,80,5,2025-12-10,60,4
420,5,93,3,2025-12-15,7,4
421,10,19,1,2025-11-13,57,10
422,2,82,2,2025-10-17,36,4
423,4,37,1,2026-03-03,45,5
424,1,90,4,2025-08-16,20,4
425,8,53,4,2025-12-27,65,9
426,1,34,1,2026-03-17,8,9
427,2,83,2,2025-04-29,16,5
428,2,68,2,2025-05-07,14,3
429,3,67,2,2025-05-13,76,1
430,6,74,3,2025-06-26,87,10
431,1,17,1,2026-01-11,15,10
432,2,100,4,2025-12-28,92,10
433,6,6,5,2026-04-20,98,4
434,6,5,3,2025-08-19,66,9
435,9,44,1,2025-05-12,32,6
436,6,42,2,2025-10-10,87,10
437,4,69,4,2025-08-31,63,8
438,6,8,1,2025-06-19,86,9
439,6,76,2,2025-06-14,51,4
440,6,97,2,2025-10-22,25,7
441,4,9,2,2025-04-26,58,3
442,3,5,1,2025-09-02,63,8
443,7,31,3,2025-07-02,62,1
444,7,15,2,2026-04-13,22,5
445,5,41,1,2025-09-02,58,3
446,6,21,2,2025-11-30,58,3
447,8,44,3,2026-03-30,86,9
448,6,71,4,2025-06-16,49,5
449,2,98,3,2025-07-18,52,4
450,7,59,4,2025-11-30,42,5
451,5,20,1,2025-11-01,70,4
452,5,91,2,2025-11-28,15,10
453,8,40,5,2026-01-14,54,9
454,6,60,5,2025-08-27,60,4
455,6,54,1,2026-02-09,97,10
456,6,74,4,2025-08-04,8,9
457,4,26,5,2026-03-12,53,6
458,1,44,5,2025-08-23,60,4
459,3,44,3,2025-08-18,5,5
460,7,23,4,2026-01-11,68,1
461,7,57,5,2025-07-25,6,1
462,3,17,4,2025-10-21,96,2
463,4,34,3,2025-06-15,94,7
464,8,74,3,2025-07-27,47,8
465,1,7,2,2026-04-10,99,9
466,10,99,5,2026-01-10,55,2
467,2,44,3,2026-03-14,40,8
468,6,36,1,2026-03-02,52,4
469,5,26,1,2025-07-25,16,5
470,7,54,2,2025-10-20,13,1
471,9,52,3,2025-06-13,30,10
472,1,6,1,2025-08-11,19,4
473,3,70,3,2025-09-12,17,10
474,4,83,1,2026-03-22,63,8
475,8,92,4,2025-07-02,19,4
476,4,66,3,2026-03-27,92,10
477,4,39,5,2025-06-16,58,3
478,9,81,3,2025-09-14,55,2
479,2,8,5,2025-06-09,90,6
480,3,85,1,2025-08-14,90,6
481,9,88,5,2025-06-07,62,1
482,3,79,3,2025-05-24,23,5
483,6,43,1,2025-12-18,9,7
484,2,41,3,2025-05-11,12,5
485,10,16,2,2025-08-21,1,2
486,10,57,1,2025-05-16,58,3
487,10,34,5,2025-09-30,1,2
488,2,61,2,2026-01-29,34,3
489,7,22,4,2025-06-04,96,2
490,1,62,5,2025-11-18,48,9
491,7,80,1,2026-01-27,89,9
492,4,4,4,2025-10-08,1,2
493,2,71,2,2026-02-03,16,5
494,7,75,3,2025-05-28,61,5
495,9,31,2,2025-11-28,64,8
496,10,29,4,2025-07-19,63,8
497,1,7,4,2025-06-28,69,1
498,8,33,1,2025-10-22,22,5
499,9,73,2,2026-04-02,93,10
500,8,90,1,2025-10-01,67,3
501,8,33,5,2025-06-29,76,1
502,9,53,5,2026-04-16,26,6
503,10,60,1,2025-10-01,16,5
504,9,1,1,2025-12-11,51,4
505,7,25,1,2025-06-07,86,9
506,9,87,1,2026-02-23,57,10
507,2,99,5,2025-05-29,29,4
508,2,8,3,2025-06-24,78,1
509,10,87,1,2025-05-06,92,10
510,7,9,5,2025-08-03,69,1
511,6,93,3,2026-03-25,47,8
512,10,61,4,2026-04-09,94,7
513,9,44,3,2025-08-01,62,1
514,6,99,5,2025-10-19,69,1
515,8,20,1,2025-10-06,76,1
516,10,25,5,2026-01-28,16,5
517,9,33,5,2026-01-21,90,6
518,6,47,4,2025-06-09,90,6
519,3,5,1,2026-02-23,48,9
520,10,55,5,2025-06-09,85,9
521,8,56,2,2026-03-24,39,8
522,7,98,2,2025-12-25,100,10
523,3,100,1,2026-03-11,33,6
524,9,35,3,2025-11-24,94,7
525,9,11,3,2025-07-14,23,5
526,4,85,3,2025-09-23,10,2
527,4,69,3,2025-11-29,69,1
528,7,69,3,2026-03-12,100,10
529,3,93,2,2026-02-27,34,3
530,3,54,4,2025-10-07,52,4
531,3,59,3,2025-05-10,95,5
532,10,10,1,2025-07-03,10,2
533,4,18,4,2025-11-14,19,4
534,8,75,2,2025-05-31,58,3
535,1,31,1,2025-09-25,96,2
536,10,60,2,2026-03-22,1,2
537,2,71,4,2026-04-15,69,1
538,10,8,2,2025-07-04,4,5
539,7,83,1,2025-07-30,16,5
540,3,98,4,2025-11-15,24,3
541,2,2,4,2026-02-10,80,10
542,8,61,4,2026-03-10,2,6
543,10,41,4,2025-05-04,92,10
544,7,76,4,2026-01-16,32,6
545,3,45,3,2026-01-16,91,9
546,6,13,4,2025-08-01,84,6
547,5,63,1,2026-02-14,24,3
548,7,58,3,2026-02-18,12,5
549,1,46,3,2025-08-20,50,3
550,6,98,4,2025-12-23,35,2
551,2,19,3,2025-11-23,33,6
552,6,43,4,2025-04-26,33,6
553,7,65,5,2026-01-24,61,5
554,1,20,5,2026-01-24,51,4
555,1,96,1,2025-06-07,43,5
556,8,49,5,2025-07-18,12,5
557,2,14,4,2026-04-21,67,3
558,2,79,5,2026-03-18,65,9
559,8,100,2,2025-12-11,33,6
560,8,49,1,2025-12-25,40,8
561,7,50,5,2026-01-01,74,3
562,4,7,3,2025-06-08,43,5
563,3,63,5,2025-10-17,44,2
564,4,16,2,2025-05-25,29,4
565,1,7,4,2025-12-05,13,1
566,4,50,5,2025-06-21,12,5
567,9,13,4,2025-04-23,95,5
568,8,58,1,2026-04-04,46,7
569,3,34,1,2025-08-21,2,6
570,5,48,1,2025-07-04,35,2
571,2,91,1,2026-04-13,87,10
572,1,16,3,2025-10-08,81,7
573,5,48,3,2025-05-21,90,6
574,7,42,5,2025-10-27,8,9
575,2,84,3,2026-01-14,93,10
576,7,34,3,2025-10-08,26,6
577,9,45,1,2026-02-03,74,3
578,1,45,5,2025-09-09,90,6
579,3,22,1,2026-01-28,34,3
580,4,30,4,2025-10-01,7,4
581,5,73,4,2025-12-05,68,1
582,1,25,4,2025-05-16,58,3
583,6,94,5,2025-05-20,75,10
584,1,96,3,2025-10-03,29,4
585,1,57,5,2025-10-23,36,4
586,1,16,1,2025-10-17,89,9
587,1,82,3,2025-10-31,21,6
588,2,81,1,2025-06-19,36,4
589,3,64,3,2025-09-28,10,2
590,3,43,5,2025-10-24,73,2
591,9,46,5,2025-10-15,24,3
592,8,63,5,2026-02-10,64,8
593,7,33,1,2026-04-12,99,9
594,9,29,1,2025-08-30,49,5
595,1,73,1,2025-10-03,99,9
596,8,35,1,2026-03-07,36,4
597,1,29,4,2026-03-18,82,3
598,5,85,4,2025-07-06,96,2
599,5,97,5,2025-11-11,24,3
600,10,90,4,2025-12-11,23,5
601,6,76,5,2025-09-17,62,1
602,6,44,1,2026-03-10,96,2
603,7,3,3,2025-06-24,37,7
604,4,42,5,2025-08-23,12,5
605,2,95,4,2026-02-18,55,2
606,7,32,2,2025-06-07,13,1
607,8,58,4,2025-11-05,23,5
608,10,51,2,2025-12-31,89,9
609,10,10,4,2025-08-23,99,9
610,2,76,2,2026-02-02,30,10
611,4,53,1,2026-01-16,17,10
612,1,27,5,2025-09-20,62,1
613,4,2,4,2025-08-15,84,6
614,1,53,3,2025-05-01,89,9
615,1,98,5,2026-03-19,86,9
616,2,79,1,2025-10-14,13,1
617,9,71,5,2026-01-01,59,1
618,9,69,4,2025-07-22,19,4
619,10,54,2,2025-12-24,49,5
620,6,81,3,2025-06-08,100,10
621,8,44,1,2025-05-13,12,5
622,3,86,2,2025-09-30,61,5
623,3,81,2,2026-02-07,19,4
624,5,47,4,2026-03-04,76,1
625,10,51,1,2026-01-28,9,7
626,3,63,4,2025-05-30,71,6
627,7,53,5,2025-11-20,28,3
628,10,41,2,2026-02-22,78,1
629,10,14,2,2025-11-07,95,5
630,9,89,3,2026-02-04,52,4
631,8,92,1,2025-07-06,83,3
632,8,74,4,2025-12-25,16,5
633,9,7,3,2025-07-19,69,1
634,8,79,3,2025-09-04,99,9
635,8,10,5,2025-04-24,12,5
636,5,48,3,2025-12-31,25,7
637,2,79,1,2026-01-07,52,4
638,7,96,1,2026-01-23,85,9
639,10,60,1,2025-07-23,100,10
640,2,13,5,2025-09-23,53,6
641,2,57,3,2026-03-26,23,5
642,8,76,3,2025-10-25,16,5
643,1,99,3,2025-11-28,57,10
644,6,87,5,2026-02-22,39,8
645,4,52,5,2026-02-11,53,6
646,3,10,2,2025-04-28,42,5
647,2,71,3,2025-05-11,58,3
648,1,76,5,2025-05-08,39,8
649,3,6,3,2025-10-05,14,3
650,2,2,4,2025-11-29,95,5
651,3,85,5,2026-03-20,5,5
652,5,22,4,2025-05-30,35,2
653,5,51,3,2025-08-14,87,10
654,4,26,2,2025-10-11,93,10
655,3,16,2,2025-06-21,75,10
656,2,55,5,2026-02-28,18,8
657,4,57,2,2025-09-10,76,1
658,1,38,5,2026-01-19,9,7
659,3,58,3,2026-03-02,74,3
660,2,86,3,2025-12-27,58,3
661,6,58,2,2026-01-01,17,10
662,3,1,2,2026-01-15,7,4
663,9,36,3,2025-11-08,46,7
664,1,26,4,2025-07-31,13,1
665,9,48,2,2026-04-17,40,8
666,10,94,3,2025-04-23,42,5
667,3,50,5,2025-07-22,9,7
668,6,34,2,2025-10-19,50,3
669,7,48,1,2025-10-06,27,9
670,4,91,4,2025-05-31,66,9
671,4,97,4,2025-06-26,5,5
672,2,8,2,2026-03-15,29,4
673,1,78,2,2025-06-30,37,7
674,7,12,3,2026-03-16,38,5
675,5,9,1,2026-03-01,83,3
676,8,7,5,2026-03-24,8,9
677,7,88,4,2025-08-19,65,9
678,4,40,2,2025-06-10,86,9
679,10,73,2,2025-04-30,17,10
680,5,71,2,2026-01-03,71,6
681,2,56,4,2025-07-30,89,9
682,9,95,4,2025-12-22,45,5
683,2,28,2,2025-10-17,4,5
684,3,21,3,2025-07-07,36,4
685,9,32,2,2025-09-25,70,4
686,2,59,1,2025-11-20,31,10
687,9,6,3,2026-02-14,19,4
688,3,88,4,2026-01-19,61,5
689,8,5,2,2025-11-13,54,9
690,1,82,4,2026-01-14,39,8
691,10,3,2,2025-10-26,91,9
692,3,81,3,2026-01-12,74,3
693,7,5,2,2025-09-07,90,6
694,9,78,1,2025-05-25,19,4
695,5,77,1,2025-12-19,39,8
696,1,96,2,2026-03-12,67,3
697,9,89,5,2025-06-09,45,5
698,2,80,5,2025-05-12,13,1
699,9,85,3,2026-03-30,92,10
700,1,32,1,2025-09-26,58,3
701,7,90,3,2025-12-10,20,4
702,8,42,3,2025-09-04,92,10
703,8,34,4,2026-01-29,72,10
704,5,39,5,2026-04-21,61,5
705,5,83,4,2025-07-08,39,8
706,7,20,2,2026-02-19,1,2
707,5,67,1,2025-06-29,3,10
708,9,9,1,2025-10-07,77,9
709,8,5,4,2025-06-27,92,10
710,4,21,2,2025-09-09,62,1
711,2,98,2,2025-08-04,63,8
712,4,17,4,2025-08-21,25,7
713,1,54,2,2025-08-20,56,1
714,9,17,1,2025-07-10,33,6
715,10,6,1,2025-06-12,38,5
716,4,38,2,2025-06-15,6,1
717,3,32,2,2026-03-21,58,3
718,4,86,4,2026-04-16,44,2
719,9,89,4,2026-03-31,45,5
720,4,12,5,2025-12-01,32,6
721,1,98,5,2026-03-17,45,5
722,3,3,1,2026-02-05,61,5
723,10,72,2,2025-11-10,47,8
724,9,37,3,2026-04-21,21,6
725,9,77,2,2026-03-30,80,10
726,7,41,4,2025-10-06,85,9
727,4,11,4,2026-03-07,75,10
728,9,43,4,2025-04-29,36,4
729,7,58,1,2025-09-11,99,9
730,2,45,5,2025-12-26,19,4
731,2,22,3,2025-05-22,20,4
732,9,20,1,2025-06-02,57,10
733,4,52,1,2026-03-14,18,8
734,9,2,5,2025-06-01,47,8
735,2,27,4,2026-03-16,49,5
736,3,7,1,2026-03-13,14,3
737,10,82,4,2026-03-18,15,10
738,9,45,1,2025-08-10,31,10
739,6,52,5,2025-11-25,1,2
740,10,53,3,2025-10-10,54,9
741,4,91,3,2025-07-10,3,10
742,5,76,5,2025-06-29,16,5
743,4,61,5,2025-07-07,87,10
744,4,39,2,2025-09-01,57,10
745,2,35,3,2026-02-21,75,10
746,3,79,4,2026-03-18,12,5
747,8,51,5,2025-07-31,74,3
748,2,84,5,2025-07-28,96,2
749,6,53,3,2025-09-21,16,5
750,6,30,4,2025-07-26,72,10
751,4,89,1,2025-10-23,76,1
752,8,31,2,2025-10-07,24,3
753,9,24,5,2025-08-06,28,3
754,4,26,5,2026-03-25,8,9
755,6,56,4,2026-03-11,92,10
756,5,56,2,2025-05-08,36,4
757,1,2,2,2026-02-08,90,6
758,8,76,3,2026-04-14,8,9
759,3,6,5,2026-01-09,58,3
760,4,46,3,2026-02-18,60,4
761,5,90,2,2025-11-16,50,3
762,9,73,3,2026-01-22,28,3
763,7,35,4,2025-05-21,92,10
764,8,68,3,2025-12-06,41,10
765,5,32,1,2025-08-19,100,10
766,10,100,1,2026-04-12,64,8
767,1,40,2,2025-09-03,27,9
768,10,4,2,2025-07-31,63,8
769,10,6,1,2025-11-02,17,10
770,8,92,2,2026-02-19,73,2
771,1,48,4,2026-03-31,33,6
772,6,40,1,2025-06-30,84,6
773,10,69,2,2025-09-17,77,9
774,1,73,2,2025-10-19,92,10
775,2,97,4,2025-09-25,29,4
776,4,12,4,2026-02-21,13,1
777,10,82,4,2026-04-22,46,7
778,7,86,1,2025-05-17,35,2
779,7,48,4,2026-03-26,6,1
780,10,24,5,2025-06-20,82,3
781,7,59,3,2025-07-15,69,1
782,9,58,1,2025-11-20,47,8
783,2,97,3,2025-04-27,25,7
784,5,5,3,2025-12-12,66,9
785,7,47,3,2025-05-26,10,2
786,4,55,3,2026-04-03,56,1
787,6,39,3,2025-11-07,30,10
788,7,51,2,2025-06-27,5,5
789,7,94,3,2026-01-11,33,6
790,3,3,2,2025-06-03,65,9
791,9,91,5,2026-01-29,18,8
792,9,54,3,2025-08-05,96,2
793,3,45,2,2026-01-03,49,5
794,8,32,3,2025-10-27,11,8
795,4,51,5,2025-10-01,85,9
796,4,60,2,2026-01-26,26,6
797,2,27,2,2025-09-20,63,8
798,3,7,3,2025-10-11,89,9
799,7,95,2,2025-06-19,86,9
800,5,14,4,2025-04-23,59,1
801,5,40,3,2026-03-03,27,9
802,10,80,2,2025-09-15,49,5
803,10,91,1,2026-04-06,77,9
804,9,75,5,2026-04-02,33,6
805,3,62,2,2025-04-30,98,4
806,10,90,2,2026-02-13,99,9
807,10,64,2,2025-10-12,1,2
808,9,75,3,2025-08-04,21,6
809,5,90,2,2025-05-20,55,2
810,9,10,1,2025-10-18,6,1
811,6,50,4,2025-08-25,92,10
812,7,79,2,2025-11-14,81,7
813,7,5,5,2026-03-21,69,1
814,8,61,2,2025-05-11,95,5
815,5,80,3,2026-01-23,5,5
816,1,43,5,2025-05-19,3,10
817,4,11,1,2026-01-07,53,6
818,6,48,2,2025-12-02,23,5
819,6,55,3,2025-07-16,53,6
820,6,78,5,2025-08-29,37,7
821,7,73,5,2025-07-25,74,3
822,3,25,5,2026-03-09,74,3
823,9,84,3,2025-12-24,83,3
824,6,34,3,2025-11-19,17,10
825,10,7,5,2025-11-11,85,9
826,1,19,5,2026-04-10,78,1
827,3,98,3,2026-03-08,73,2
828,9,74,1,2025-06-11,1,2
829,6,48,2,2025-06-10,51,4
830,5,44,4,2025-12-18,45,5
831,3,71,3,2025-06-27,77,9
832,1,82,3,2025-07-12,4,5
833,5,71,2,2025-07-20,62,1
834,1,87,1,2026-01-21,65,9
835,6,63,2,2025-08-04,32,6
836,3,40,2,2025-10-08,34,3
837,1,49,1,2025-05-01,92,10
838,2,36,4,2026-03-07,95,5
839,2,28,4,2026-04-20,72,10
840,4,38,2,2025-05-28,39,8
841,2,52,4,2025-09-07,26,6
842,1,55,4,2025-12-30,34,3
843,8,18,2,2025-11-25,54,9
844,10,28,1,2025-07-05,3,10
845,7,43,2,2025-12-27,50,3
846,7,27,5,2025-07-10,12,5
847,10,33,5,2025-05-09,65,9
848,4,68,1,2025-12-27,54,9
849,5,37,3,2026-01-31,5,5
850,5,39,2,2026-02-25,94,7
851,1,93,2,2026-01-12,94,7
852,3,1,1,2025-07-27,57,10
853,2,62,5,2026-01-07,17,10
854,4,29,4,2025-06-01,47,8
855,7,91,5,2025-04-29,23,5
856,8,20,3,2025-09-26,79,10
857,7,35,2,2025-06-08,85,9
858,4,15,1,2026-01-11,14,3
859,4,59,5,2026-01-08,66,9
860,8,54,3,2025-09-30,75,10
861,2,73,5,2025-11-28,51,4
862,5,12,1,2025-12-07,38,5
863,2,7,4,2025-08-29,64,8
864,7,72,3,2025-12-15,98,4
865,6,99,4,2025-06-16,38,5
866,7,37,5,2025-12-11,50,3
867,9,96,3,2025-08-26,98,4
868,9,76,4,2025-07-20,82,3
869,7,65,1,2025-05-24,30,10
870,9,87,3,2026-02-12,79,10
871,4,75,4,2025-08-04,91,9
872,7,50,1,2026-04-06,51,4
873,2,87,5,2025-05-30,63,8
874,4,69,1,2026-03-12,98,4
875,5,81,4,2025-12-21,52,4
876,6,55,3,2025-08-26,38,5
877,2,2,4,2026-02-07,97,10
878,4,99,5,2025-09-26,88,4
879,4,42,3,2025-06-22,79,10
880,6,86,5,2026-02-17,30,10
881,6,7,1,2026-04-11,51,4
882,10,94,3,2025-11-12,81,7
883,2,12,3,2026-02-02,5,5
884,2,21,1,2026-01-28,29,4
885,10,77,4,2026-03-06,4,5
886,6,57,5,2025-12-25,10,2
887,1,82,5,2025-05-06,56,1
888,1,25,2,2026-01-19,17,10
889,7,39,2,2025-10-03,74,3
890,3,67,4,2026-02-03,17,10
891,3,99,5,2025-08-31,84,6
892,3,6,5,2025-09-16,88,4
893,7,87,1,2026-01-25,69,1
894,3,54,4,2025-09-17,34,3
895,5,33,3,2025-06-01,6,1
896,8,85,1,2025-08-15,53,6
897,6,24,2,2025-06-24,66,9
898,8,72,2,2026-03-05,77,9
899,8,98,2,2025-11-05,43,5
900,3,67,1,2025-11-07,75,10
901,8,91,3,2025-08-31,23,5
902,3,25,5,2025-10-29,55,2
903,6,23,1,2026-03-24,80,10
904,2,39,4,2025-07-11,95,5
905,8,20,2,2026-03-15,75,10
906,1,97,1,2025-07-13,16,5
907,7,80,1,2025-12-03,8,9
908,4,10,1,2025-06-01,4,5
909,3,7,4,2026-02-09,4,5
910,6,96,5,2025-07-23,56,1
911,4,29,3,2025-07-05,25,7
912,8,18,2,2025-11-16,67,3
913,9,47,5,2026-03-03,96,2
914,2,1,2,2025-05-06,67,3
915,1,93,4,2025-05-10,27,9
916,5,46,1,2026-01-30,93,10
917,6,7,2,2025-07-08,32,6
918,5,4,4,2025-06-06,50,3
919,2,74,1,2025-06-04,61,5
920,5,80,4,2025-06-22,51,4
921,6,84,5,2026-04-10,19,4
922,7,3,1,2025-11-21,21,6
923,3,27,5,2026-04-17,5,5
924,7,38,2,2025-10-07,82,3
925,3,67,3,2025-10-22,92,10
926,6,66,2,2025-08-04,42,5
927,6,100,5,2025-09-07,61,5
928,4,61,3,2025-08-08,22,5
929,10,51,1,2025-06-04,21,6
930,10,86,4,2026-01-17,70,4
931,8,37,2,2025-08-14,1,2
932,9,6,5,2026-01-10,5,5
933,1,36,5,2026-03-14,12,5
934,10,18,4,2025-09-27,90,6
935,2,50,2,2025-08-29,46,7
936,4,95,5,2025-10-22,34,3
937,1,37,2,2026-03-15,49,5
938,6,90,3,2025-06-01,78,1
939,7,31,1,2025-11-04,90,6
940,8,70,4,2025-12-18,45,5
941,4,86,3,2025-05-27,27,9
942,6,16,3,2025-05-17,73,2
943,9,66,2,2026-04-17,26,6
944,9,36,3,2025-05-01,47,8
945,5,5,4,2025-08-18,86,9
946,5,75,1,2025-04-28,56,1
947,7,13,4,2026-03-18,94,7
948,2,87,3,2025-07-11,63,8
949,2,97,4,2025-09-02,48,9
950,9,89,3,2026-01-24,61,5
951,6,68,2,2025-09-08,81,7
952,4,93,4,2025-07-03,26,6
953,1,33,5,2025-10-08,36,4
954,6,45,3,2026-03-19,1,2
955,7,96,1,2025-11-11,8,9
956,2,39,1,2026-01-19,99,9
957,2,28,3,2025-09-01,52,4
958,1,75,5,2025-10-18,79,10
959,7,5,4,2025-07-22,47,8
960,3,2,5,2025-12-25,56,1
961,8,2,5,2026-01-21,86,9
962,3,43,2,2026-04-23,14,3
963,3,78,5,2025-10-02,90,6
964,5,79,4,2025-04-28,28,3
965,1,58,5,2025-10-18,87,10
966,9,38,2,2025-06-30,78,1
967,8,59,2,2026-02-06,88,4
968,3,45,2,2025-09-27,2,6
969,9,49,3,2025-08-28,26,6
970,1,93,1,2025-07-08,14,3
971,10,53,3,2026-01-17,59,1
972,4,33,3,2026-01-05,56,1
973,4,81,5,2025-05-27,7,4
974,10,23,3,2025-10-20,3,10
975,8,33,1,2026-01-09,23,5
976,7,59,1,2025-09-23,18,8
977,9,52,2,2026-02-16,38,5
978,2,20,5,2025-09-26,99,9
979,1,80,2,2025-06-29,15,10
980,6,5,2,2025-06-24,64,8
981,8,63,1,2026-02-15,89,9
982,2,73,5,2026-01-08,28,3
983,5,96,2,2025-07-26,74,3
984,4,13,2,2026-02-09,39,8
985,8,73,5,2025-09-27,57,10
986,10,62,3,2026-04-01,17,10
987,4,86,2,2025-07-01,86,9
988,8,70,5,2026-02-22,90,6
989,6,63,1,2025-05-06,44,2
990,4,79,5,2026-02-03,25,7
991,6,88,4,2026-02-10,17,10
992,9,24,4,2025-10-14,13,1
993,8,15,1,2025-04-24,84,6
994,3,29,3,2025-05-06,25,7
995,1,57,3,2025-12-30,68,1
996,1,72,2,2026-02-26,10,2
997,4,58,1,2025-12-20,67,3
998,6,8,4,2025-07-12,18,8
999,1,87,4,2025-08-18,100,10
1000,5,48,5,2025-10-14,86,9
